<?xml version="1.0"?>
<!DOCTYPE hibernate-mapping PUBLIC "-//Hibernate/Hibernate Mapping DTD 3.0//EN"
"http://www.hibernate.org/dtd/hibernate-mapping-3.0.dtd">
<!-- Generated 18/01/2015 11:29:37 by Hibernate Tools 4.0.0 -->
<hibernate-mapping>
    <class name="model.Momento" table="momento">
        <id name="id" type="java.lang.Long">
            <column name="id" />
            <generator class="identity" />
        </id>
        <property name="nome" type="string">
            <column name="nome" length="100" not-null="true" />
        </property>
        <set name="musicas" table="musica_momento" inverse="false" lazy="true" fetch="select">
            <key>
                <column name="id_momento" not-null="true" />
            </key>
            <many-to-many entity-name="model.Musica">
                <column name="id_musica" not-null="true" />
            </many-to-many>
        </set>
    </class>
</hibernate-mapping>
